code,name,final_value,total_return_pct,sharpe_ratio,max_drawdown_pct,annual_return_pct,total_trades,win_count,lose_count,win_rate_pct,buy_signals,sell_signals,avg_hold_days,best_trade_pct,worst_trade_pct,signal_distribution,data_start,data_end,data_bars,error
sh.600000,,124068.96,24.07,0.221,38.37,21.57,110,38,72,34.5,112,110,9.3,20.7,-7.94,"{'黑客点击': 27, '一阴破三线': 10, '马失前蹄': 18, '日月合璧': 2, '见好就收': 75, '一箭穿心': 8, '落井下石': 31, '过河拆桥': 11, '独上高楼': 6, '红杏出墙': 3, '三军集结': 2, '一剑封喉': 6, '浪子回头': 2, '动量加速': 6, '节外生枝': 8, '双蹄并进': 1, '金屋藏娇': 3, '止盈': 1, '止损': 2}",2023-01-03,2026-08-12,874,
sh.600009,,46051.18,-53.95,-1.029,56.42,-77.54,150,40,110,26.7,151,150,6.6,36.28,-11.56,"{'见好就收': 107, '一阴破三线': 12, '落井下石': 69, '马失前蹄': 16, '独上高楼': 13, '节外生枝': 8, '黑客点击': 34, '一箭穿心': 8, '三军集结': 7, '过河拆桥': 10, '一剑封喉': 10, '金屋藏娇': 2, '止盈': 1, '止损': 1, '分道扬镳': 2, '红杏出墙': 1}",2023-01-03,2026-08-12,874,
sh.600010,,61461.68,-38.54,-1.093,40.24,-48.68,136,46,90,33.8,139,136,6.8,21.08,-10.53,"{'见好就收': 112, '落井下石': 35, '马失前蹄': 22, '三军集结': 4, '一阴破三线': 9, '黑客点击': 22, '独上高楼': 7, '过河拆桥': 8, '一箭穿心': 8, '节外生枝': 18, '日月合璧': 2, '红衣侠女': 1, '止损': 6, '动量加速': 14, '一剑封喉': 2, '止盈': 2, '浪子回头': 1, '一枝独秀': 1, '金屋藏娇': 1}",2023-01-03,2026-08-12,874,
sh.600011,,76524.18,-23.48,-0.567,52.65,-26.76,109,44,65,40.4,111,109,9.3,27.79,-10.06,"{'见好就收': 88, '马失前蹄': 19, '节外生枝': 16, '过河拆桥': 20, '止损': 3, '一阴破三线': 11, '黑客点击': 17, '日月合璧': 1, '落井下石': 27, '一箭穿心': 5, '独上高楼': 3, '一剑封喉': 2, '浪子回头': 2, '三军集结': 3, '双蹄并进': 1, '止盈': 1, '动量加速': 1}",2023-01-03,2026-08-12,874,
sh.600015,,139366.22,39.37,0.323,26.09,33.19,82,33,49,40.2,83,83,13.5,32.07,-6.53,"{'黑客点击': 26, '马失前蹄': 10, '浪子回头': 1, '节外生枝': 7, '见好就收': 52, '过河拆桥': 19, '独上高楼': 5, '一箭穿心': 9, '一阴破三线': 7, '红杏出墙': 1, '日月合璧': 1, '一剑封喉': 6, '三军集结': 2, '止盈': 1, '动量加速': 1, '梅开二度': 1, '落井下石': 17}",2023-01-03,2026-08-12,874,
sh.600016,,109092.93,9.09,-0.011,33.04,8.7,93,32,61,34.4,95,93,11.3,27.73,-5.08,"{'黑客点击': 27, '过河拆桥': 8, '止盈': 1, '见好就收': 64, '日月合璧': 1, '动量加速': 7, '马失前蹄': 10, '独上高楼': 9, '一剑封喉': 3, '一箭穿心': 7, '一阴破三线': 6, '落井下石': 36, '分道扬镳': 1, '三军集结': 4, '红杏出墙': 1, '节外生枝': 2, '浪子回头': 1}",2023-01-03,2026-08-12,874,
sh.600018,,87553.35,-12.45,-0.647,32.59,-13.29,105,40,65,38.1,106,105,10.0,12.64,-9.31,"{'见好就收': 53, '过河拆桥': 20, '浪子回头': 2, '独上高楼': 17, '马失前蹄': 16, '止损': 2, '落井下石': 24, '一阴破三线': 12, '黑客点击': 44, '一箭穿心': 7, '一剑封喉': 4, '红杏出墙': 3, '节外生枝': 3, '金屋藏娇': 1, '三军集结': 3}",2023-01-03,2026-08-12,874,
sh.600019,,84923.05,-15.08,-0.673,33.07,-16.34,114,47,67,41.2,116,114,9.2,21.14,-10.82,"{'见好就收': 86, '节外生枝': 17, '黑客点击': 21, '过河拆桥': 16, '一剑封喉': 6, '浪子回头': 1, '止损': 4, '一箭穿心': 6, '落井下石': 21, '一阴破三线': 15, '独上高楼': 10, '三军集结': 6, '马失前蹄': 18, '日月合璧': 1, '红杏出墙': 1, '分道扬镳': 1}",2023-01-03,2026-08-12,874,
sh.600023,,94676.01,-5.32,-0.368,41.83,-5.47,123,49,74,39.8,124,123,7.9,14.65,-7.54,"{'见好就收': 92, '一剑封喉': 3, '一箭穿心': 7, '节外生枝': 14, '海底捞月': 1, '动量加速': 9, '日月合璧': 3, '马失前蹄': 16, '过河拆桥': 13, '一阴破三线': 14, '黑客点击': 22, '落井下石': 32, '独上高楼': 10, '浪子回头': 4, '串阳': 1, '红杏出墙': 2, '梅开二度': 1, '金屋藏娇': 1, '三军集结': 1, '止损': 1}",2023-01-03,2026-08-12,874,
sh.600025,,129611.84,29.61,0.412,31.5,25.94,113,51,62,45.1,114,113,9.5,17.4,-7.25,"{'见好就收': 86, '一箭穿心': 7, '黑客点击': 25, '独上高楼': 12, '一阴破三线': 11, '节外生枝': 8, '一剑封喉': 6, '马失前蹄': 10, '落井下石': 36, '过河拆桥': 18, '动量加速': 5, '金屋藏娇': 1, '止损': 1, '红杏出墙': 1}",2023-01-03,2026-08-12,874,
sh.600026,,65810.23,-34.19,-0.719,45.75,-41.84,145,59,86,40.7,148,145,6.1,13.4,-10.27,"{'见好就收': 129, '一箭穿心': 10, '止损': 8, '节外生枝': 24, '落井下石': 36, '过河拆桥': 13, '动量加速': 21, '马失前蹄': 15, '一剑封喉': 6, '黑客点击': 8, '日月合璧': 2, '一阴破三线': 10, '浪子回头': 1, '三军集结': 2, '独上高楼': 4, '双蹄并进': 3, '金屋藏娇': 1}",2023-01-03,2026-08-12,874,
sh.600027,,90762.81,-9.24,-0.202,35.19,-9.69,120,51,69,42.5,121,120,8.4,21.16,-11.8,"{'见好就收': 99, '一箭穿心': 11, '节外生枝': 18, '一剑封喉': 6, '马失前蹄': 13, '止损': 4, '过河拆桥': 16, '三军集结': 6, '落井下石': 24, '一阴破三线': 15, '黑客点击': 14, '独上高楼': 9, '动量加速': 1, '日月合璧': 3, '红杏出墙': 1, '止盈': 1}",2023-01-03,2026-08-12,864,
sh.600028,,67788.16,-32.21,-0.678,42.33,-38.88,105,40,65,38.1,106,105,9.6,13.72,-9.74,"{'动量加速': 6, '见好就收': 75, '串阳': 1, '过河拆桥': 18, '节外生枝': 12, '一箭穿心': 8, '一阴破三线': 13, '落井下石': 26, '黑客点击': 22, '马失前蹄': 12, '日月合璧': 1, '三军集结': 3, '一剑封喉': 5, '浪子回头': 2, '独上高楼': 4, '红杏出墙': 2, '止损': 1}",2023-01-03,2026-08-12,874,
sh.600029,,66697.63,-33.3,-0.547,45.58,-40.5,117,42,75,35.9,118,117,8.3,36.53,-9.01,"{'见好就收': 89, '节外生枝': 22, '红杏出墙': 4, '过河拆桥': 12, '一箭穿心': 5, '落井下石': 33, '日月合璧': 1, '一阴破三线': 7, '马失前蹄': 16, '黑客点击': 17, '三军集结': 3, '独上高楼': 9, '浪子回头': 2, '一剑封喉': 6, '分道扬镳': 1, '止盈': 1, '止损': 2, '金屋藏娇': 2, '动量加速': 3}",2023-01-03,2026-08-12,874,
sh.600030,,127156.19,27.16,0.62,24.6,24.02,107,41,66,38.3,109,107,9.1,37.76,-9.96,"{'见好就收': 85, '一剑封喉': 11, '马失前蹄': 12, '过河拆桥': 11, '一箭穿心': 6, '独上高楼': 11, '落井下石': 23, '止盈': 2, '动量加速': 9, '红杏出墙': 2, '一阴破三线': 7, '黑客点击': 20, '节外生枝': 12, '止损': 1, '三军集结': 4}",2023-01-03,2026-08-12,874,
sh.600031,,111877.81,11.88,0.07,28.06,11.22,119,46,73,38.7,120,119,8.6,36.34,-9.89,"{'见好就收': 108, '节外生枝': 21, '一阴破三线': 17, '红杏出墙': 5, '落井下石': 32, '马失前蹄': 9, '一剑封喉': 5, '过河拆桥': 14, '一箭穿心': 9, '黑客点击': 7, '三军集结': 2, '动量加速': 3, '独上高楼': 3, '浪子回头': 1, '止盈': 1, '串阳': 1, '止损': 1}",2023-01-03,2026-08-12,874,
sh.600036,,107247.51,7.25,0.026,33.59,7.0,113,39,74,34.5,115,114,8.7,17.61,-6.69,"{'见好就收': 83, '落井下石': 34, '一阴破三线': 14, '马失前蹄': 13, '三军集结': 7, '节外生枝': 7, '一剑封喉': 9, '过河拆桥': 17, '一箭穿心': 9, '黑客点击': 21, '红杏出墙': 2, '分道扬镳': 2, '独上高楼': 5, '双蹄并进': 1, '浪子回头': 2, '动量加速': 3}",2023-01-03,2026-08-12,874,
sh.600039,,81983.91,-18.02,-0.184,40.64,-19.86,111,42,69,37.8,113,111,8.6,19.86,-17.21,"{'见好就收': 91, '动量加速': 5, '过河拆桥': 17, '黑客点击': 20, '一箭穿心': 6, '一阴破三线': 10, '一剑封喉': 10, '独上高楼': 6, '落井下石': 32, '马失前蹄': 7, '金屋藏娇': 2, '节外生枝': 12, '止损': 3, '红杏出墙': 1, '三军集结': 2}",2023-01-03,2026-08-12,874,
sh.600048,,42010.02,-57.99,-1.204,63.31,-86.73,147,46,101,31.3,149,147,5.9,33.63,-9.94,"{'见好就收': 126, '一阴破三线': 18, '节外生枝': 21, '过河拆桥': 7, '一箭穿心': 10, '落井下石': 54, '量能突破': 1, '黑客点击': 21, '马失前蹄': 11, '独上高楼': 6, '止损': 6, '一剑封喉': 5, '动量加速': 6, '止盈': 1, '金屋藏娇': 2, '三军集结': 1}",2023-01-03,2026-08-12,874,
sh.600050,,113951.89,13.95,0.094,27.54,13.06,119,48,71,40.3,120,119,8.6,27.37,-7.25,"{'见好就收': 88, '节外生枝': 14, '马失前蹄': 13, '一箭穿心': 10, '黑客点击': 27, '一阴破三线': 8, '落井下石': 37, '金屋藏娇': 1, '独上高楼': 10, '一剑封喉': 4, '浪子回头': 2, '分道扬镳': 2, '三军集结': 3, '过河拆桥': 16, '止盈': 2, '动量加速': 2}",2023-01-03,2026-08-12,874,
sh.600061,,100377.13,0.38,-0.124,34.16,0.38,104,39,65,37.5,105,104,10.0,22.29,-8.21,"{'黑客点击': 22, '马失前蹄': 19, '见好就收': 79, '一枝独秀': 1, '独上高楼': 11, '一箭穿心': 9, '落井下石': 33, '过河拆桥': 6, '节外生枝': 6, '止损': 1, '一阴破三线': 8, '日月合璧': 1, '止盈': 1, '动量加速': 7, '红杏出墙': 1, '三军集结': 3, '浪子回头': 1}",2023-01-03,2026-08-12,874,
sh.600066,,185922.41,85.92,0.741,30.17,62.02,131,63,68,48.1,132,131,6.8,21.32,-8.59,"{'动量加速': 33, '见好就收': 112, '串阳': 3, '过河拆桥': 14, '节外生枝': 27, '一剑封喉': 5, '马失前蹄': 12, '止损': 3, '落井下石': 12, '一阴破三线': 10, '黑客点击': 15, '一箭穿心': 7, '日月合璧': 1, '三军集结': 3, '红杏出墙': 1, '双蹄并进': 1, '独上高楼': 2, '浪子回头': 1, '止盈': 1}",2023-01-03,2026-08-12,873,
sh.600085,,51013.41,-48.99,-1.36,62.04,-67.31,147,44,103,29.9,149,148,6.6,20.78,-14.45,"{'见好就收': 120, '节外生枝': 21, '过河拆桥': 11, '动量加速': 3, '马失前蹄': 14, '一箭穿心': 6, '三军集结': 3, '一阴破三线': 10, '落井下石': 58, '独上高楼': 11, '一剑封喉': 10, '黑客点击': 24, '止损': 2, '双蹄并进': 1, '红杏出墙': 1, '金屋藏娇': 2}",2023-01-03,2026-08-12,874,
sh.600089,,82320.31,-17.68,-0.44,44.19,-19.46,118,42,76,35.6,119,118,7.9,34.66,-8.42,"{'见好就收': 103, '过河拆桥': 10, '浪子回头': 1, '节外生枝': 14, '黑客点击': 11, '一箭穿心': 7, '马失前蹄': 15, '落井下石': 31, '三军集结': 4, '一阴破三线': 7, '独上高楼': 8, '止损': 2, '止盈': 3, '一剑封喉': 2, '日月合璧': 2, '动量加速': 14, '红杏出墙': 2, '金屋藏娇': 1}",2023-01-03,2026-08-12,874,
sh.600104,,61751.71,-38.25,-1.792,45.72,-48.2,120,39,81,32.5,122,120,8.2,28.48,-8.88,"{'见好就收': 96, '落井下石': 40, '马失前蹄': 15, '黑客点击': 19, '节外生枝': 10, '过河拆桥': 10, '一剑封喉': 8, '一阴破三线': 12, '红杏出墙': 5, '一箭穿心': 4, '独上高楼': 7, '止损': 4, '三军集结': 2, '止盈': 1, '动量加速': 7, '浪子回头': 2}",2023-01-03,2026-08-12,874,
sh.600111,,99034.17,-0.97,-0.03,40.99,-0.97,140,50,90,35.7,141,140,6.4,38.71,-13.93,"{'见好就收': 126, '一阴破三线': 10, '落井下石': 39, '马失前蹄': 16, '节外生枝': 18, '过河拆桥': 6, '一剑封喉': 9, '黑客点击': 11, '一箭穿心': 5, '独上高楼': 6, '止盈': 4, '止损': 8, '分道扬镳': 1, '三军集结': 2, '动量加速': 12, '红杏出墙': 3, '金屋藏娇': 1, '浪子回头': 2, '双蹄并进': 2}",2023-01-03,2026-08-12,874,
sh.600115,,75736.96,-24.26,-0.203,40.63,-27.79,127,51,76,40.2,128,127,7.6,17.74,-8.99,"{'见好就收': 109, '节外生枝': 17, '黑客点击': 16, '马失前蹄': 14, '落井下石': 46, '独上高楼': 9, '一阴破三线': 9, '三军集结': 4, '一箭穿心': 7, '过河拆桥': 8, '一剑封喉': 2, '分道扬镳': 1, '动量加速': 9, '金屋藏娇': 1, '双蹄并进': 1, '止损': 1, '浪子回头': 1}",2023-01-03,2026-08-12,874,
sh.600118,,125716.32,25.72,0.256,41.73,22.89,125,51,74,40.8,126,125,6.9,34.91,-13.26,"{'见好就收': 109, '独上高楼': 7, '一箭穿心': 8, '一阴破三线': 7, '节外生枝': 20, '马失前蹄': 13, '过河拆桥': 8, '黑客点击': 10, '落井下石': 20, '一剑封喉': 5, '红杏出墙': 3, '三军集结': 3, '止盈': 4, '止损': 7, '日月合璧': 3, '动量加速': 19, '双蹄并进': 3, '金屋藏娇': 1, '浪子回头': 1}",2023-01-03,2026-08-12,874,
sh.600150,,124196.16,24.2,0.259,39.83,21.67,131,56,75,42.7,133,131,7.4,34.79,-8.66,"{'见好就收': 118, '一箭穿心': 8, '节外生枝': 30, '浪子回头': 1, '一剑封喉': 9, '黑客点击': 13, '动量加速': 5, '过河拆桥': 13, '一阴破三线': 12, '落井下石': 29, '马失前蹄': 15, '止盈': 1, '止损': 3, '三军集结': 1, '独上高楼': 3, '红杏出墙': 2, '双蹄并进': 1}",2023-01-03,2026-08-12,860,
sh.600160,,185641.66,85.64,0.649,31.24,61.86,127,61,66,48.0,128,128,6.8,24.85,-11.26,"{'见好就收': 109, '一阴破三线': 11, '节外生枝': 26, '黑客点击': 11, '一箭穿心': 7, '落井下石': 13, '马失前蹄': 9, '动量加速': 24, '金屋藏娇': 3, '过河拆桥': 15, '一剑封喉': 7, '红杏出墙': 3, '止盈': 3, '三军集结': 4, '独上高楼': 2, '止损': 5, '日月合璧': 1, '串阳': 1, '双蹄并进': 1, '浪子回头': 1}",2023-01-03,2026-08-12,874,
sh.600176,,119188.77,19.19,0.175,39.77,17.55,144,62,82,43.1,145,144,5.6,31.52,-12.24,"{'黑客点击': 20, '独上高楼': 9, '一阴破三线': 11, '节外生枝': 19, '过河拆桥': 11, '见好就收': 116, '一箭穿心': 8, '日月合璧': 4, '落井下石': 26, '一剑封喉': 8, '马失前蹄': 11, '三军集结': 2, '动量加速': 32, '止损': 2, '红杏出墙': 4, '浪子回头': 1, '分道扬镳': 1, '双蹄并进': 3, '止盈': 1}",2023-01-03,2026-08-12,874,
sh.600183,,258178.87,158.18,0.547,35.72,94.85,134,68,66,50.7,135,134,5.8,27.44,-12.91,"{'见好就收': 129, '节外生枝': 23, '马失前蹄': 11, '一阴破三线': 4, '一箭穿心': 7, '一剑封喉': 4, '浪子回头': 1, '止损': 9, '黑客点击': 6, '过河拆桥': 9, '落井下石': 11, '止盈': 2, '海底捞月': 1, '动量加速': 42, '独上高楼': 2, '双蹄并进': 4, '日月合璧': 1, '红杏出墙': 3}",2023-01-03,2026-08-12,874,
sh.600188,,129448.09,29.45,0.255,38.21,25.81,124,52,72,41.9,127,124,7.4,23.29,-9.05,"{'见好就收': 93, '节外生枝': 29, '马失前蹄': 14, '黑客点击': 26, '一剑封喉': 13, '过河拆桥': 13, '一箭穿心': 8, '三军集结': 4, '独上高楼': 6, '动量加速': 12, '浪子回头': 1, '一阴破三线': 6, '红杏出墙': 1, '金屋藏娇': 2, '落井下石': 18, '止损': 2, '止盈': 2, '日月合璧': 1}",2023-01-03,2026-08-12,874,
sh.600196,,84062.1,-15.94,-0.466,38.34,-17.36,128,44,84,34.4,129,128,7.8,35.35,-7.37,"{'见好就收': 93, '一剑封喉': 11, '黑客点击': 32, '过河拆桥': 8, '一箭穿心': 12, '落井下石': 44, '马失前蹄': 18, '一阴破三线': 8, '独上高楼': 7, '三军集结': 3, '节外生枝': 15, '止盈': 1, '止损': 2, '动量加速': 2, '双蹄并进': 1}",2023-01-03,2026-08-12,874,
sh.600219,,140248.95,40.25,0.369,32.08,33.82,105,44,61,41.9,108,105,8.9,22.35,-9.59,"{'见好就收': 90, '落井下石': 33, '过河拆桥': 15, '三军集结': 4, '独上高楼': 1, '一阴破三线': 7, '马失前蹄': 9, '黑客点击': 12, '红杏出墙': 4, '一箭穿心': 6, '止盈': 2, '一剑封喉': 5, '动量加速': 12, '节外生枝': 10, '止损': 1, '浪子回头': 1, '金屋藏娇': 1}",2023-01-03,2026-08-12,874,
sh.600221,,63130.24,-36.87,-1.1,47.19,-46.0,120,36,84,30.0,121,120,8.1,37.63,-10.05,"{'见好就收': 94, '马失前蹄': 13, '黑客点击': 15, '一箭穿心': 7, '落井下石': 43, '独上高楼': 24, '一阳穿三线': 1, '节外生枝': 5, '一阴破三线': 9, '分道扬镳': 1, '三军集结': 6, '过河拆桥': 6, '日月合璧': 4, '止盈': 3, '止损': 3, '浪子回头': 1, '动量加速': 3, '红杏出墙': 1, '双蹄并进': 1, '一剑封喉': 1}",2023-01-03,2026-08-12,874,
sh.600233,,75721.3,-24.28,-0.511,43.44,-27.81,136,52,84,38.2,138,136,6.9,20.72,-9.5,"{'见好就收': 120, '过河拆桥': 8, '马失前蹄': 7, '一剑封喉': 12, '三军集结': 6, '落井下石': 39, '独上高楼': 8, '一阴破三线': 11, '节外生枝': 15, '一箭穿心': 6, '金屋藏娇': 2, '止盈': 1, '动量加速': 20, '串阳': 1, '黑客点击': 11, '止损': 3, '日月合璧': 3, '浪子回头': 1}",2023-01-03,2026-08-12,874,
sh.600276,,99741.63,-0.26,-0.051,46.87,-0.26,132,58,74,43.9,133,132,7.6,32.39,-10.94,"{'三军集结': 6, '节外生枝': 34, '黑客点击': 19, '一剑封喉': 10, '见好就收': 106, '过河拆桥': 18, '马失前蹄': 12, '一箭穿心': 5, '一阴破三线': 7, '落井下石': 32, '日月合璧': 1, '独上高楼': 4, '浪子回头': 2, '红衣侠女': 1, '止盈': 1, '止损': 3, '动量加速': 3, '一阳穿三线': 1}",2023-01-03,2026-08-12,874,
sh.600309,,60643.06,-39.36,-1.693,46.92,-50.02,135,47,88,34.8,136,135,6.9,19.23,-7.45,"{'见好就收': 122, '落井下石': 54, '节外生枝': 17, '独上高楼': 7, '过河拆桥': 8, '黑客点击': 9, '一剑封喉': 10, '马失前蹄': 14, '三军集结': 2, '一阴破三线': 8, '浪子回头': 1, '红杏出墙': 2, '金屋藏娇': 1, '动量加速': 11, '止盈': 1, '一箭穿心': 2, '止损': 1, '双蹄并进': 1}",2023-01-03,2026-08-12,874,
sh.600346,,75204.56,-24.8,-0.21,50.96,-28.5,120,42,78,35.0,122,120,7.8,20.73,-14.26,"{'见好就收': 107, '独上高楼': 6, '节外生枝': 18, '一阴破三线': 16, '落井下石': 24, '一剑封喉': 8, '黑客点击': 12, '马失前蹄': 12, '过河拆桥': 10, '一箭穿心': 8, '动量加速': 13, '三军集结': 2, '金屋藏娇': 1, '浪子回头': 1, '双蹄并进': 1, '止损': 2, '红杏出墙': 1}",2023-01-03,2026-08-12,874,
sh.600362,,95676.65,-4.32,0.026,42.96,-4.42,123,51,72,41.5,125,123,7.2,24.25,-10.75,"{'黑客点击': 13, '一剑封喉': 5, '节外生枝': 14, '见好就收': 107, '马失前蹄': 17, '一箭穿心': 8, '独上高楼': 5, '落井下石': 18, '过河拆桥': 5, '一阴破三线': 15, '海底捞月': 1, '止盈': 3, '动量加速': 25, '三军集结': 2, '止损': 6, '红杏出墙': 1, '日月合璧': 3}",2023-01-03,2026-08-12,874,
sh.600372,,43357.2,-56.64,-1.41,57.53,-83.57,127,47,80,37.0,128,127,7.7,33.32,-10.9,"{'见好就收': 96, '一箭穿心': 10, '三军集结': 3, '落井下石': 37, '独上高楼': 7, '一阴破三线': 12, '马失前蹄': 22, '黑客点击': 24, '红杏出墙': 4, '节外生枝': 12, '一剑封喉': 9, '过河拆桥': 9, '浪子回头': 1, '止盈': 1, '止损': 3, '梅开二度': 1, '动量加速': 4}",2023-01-03,2026-08-12,867,
sh.600406,,81091.25,-18.91,-0.386,38.89,-20.96,118,42,76,35.6,119,118,8.9,20.83,-8.83,"{'见好就收': 73, '过河拆桥': 13, '金屋藏娇': 3, '一剑封喉': 7, '黑客点击': 32, '一箭穿心': 9, '节外生枝': 14, '马失前蹄': 22, '红杏出墙': 4, '三军集结': 6, '海底捞月': 1, '一阴破三线': 18, '落井下石': 28, '独上高楼': 3, '止盈': 1, '浪子回头': 1, '动量加速': 2}",2023-01-03,2026-08-12,874,
sh.600415,,215392.02,115.39,0.837,41.16,76.73,132,60,72,45.5,134,132,6.3,34.37,-14.4,"{'见好就收': 127, '节外生枝': 29, '动量加速': 30, '红杏出墙': 2, '一箭穿心': 5, '一阴破三线': 4, '马失前蹄': 13, '过河拆桥': 7, '止损': 1, '落井下石': 27, '独上高楼': 1, '黑客点击': 8, '三军集结': 2, '一剑封喉': 2, '止盈': 3, '日月合璧': 4, '双蹄并进': 1}",2023-01-03,2026-08-12,874,
sh.600426,,88345.56,-11.65,-0.184,46.73,-12.39,134,48,86,35.8,135,134,7.0,41.25,-9.23,"{'日月合璧': 3, '一阴破三线': 9, '见好就收': 116, '节外生枝': 20, '落井下石': 44, '独上高楼': 10, '黑客点击': 15, '过河拆桥': 17, '一剑封喉': 5, '双蹄并进': 3, '马失前蹄': 5, '一箭穿心': 6, '止盈': 1, '止损': 2, '浪子回头': 1, '红杏出墙': 1, '金屋藏娇': 2, '动量加速': 9}",2023-01-03,2026-08-12,874,
sh.600436,,44678.65,-55.32,-4.098,61.14,-80.57,144,37,107,25.7,145,145,6.6,26.62,-13.32,"{'见好就收': 119, '独上高楼': 14, '一阴破三线': 13, '落井下石': 70, '马失前蹄': 12, '一箭穿心': 6, '黑客点击': 24, '一剑封喉': 7, '节外生枝': 7, '过河拆桥': 7, '止损': 3, '止盈': 1, '红衣侠女': 1, '日月合璧': 1, '三军集结': 1, '量能突破': 1, '动量加速': 3}",2023-01-03,2026-08-12,874,
sh.600438,,27863.45,-72.14,-6.604,75.29,-127.79,114,38,76,33.3,115,114,6.9,19.09,-15.5,"{'见好就收': 104, '落井下石': 43, '过河拆桥': 8, '节外生枝': 15, '黑客点击': 8, '马失前蹄': 17, '一阴破三线': 6, '独上高楼': 2, '一箭穿心': 5, '金屋藏娇': 2, '止损': 5, '一剑封喉': 3, '红杏出墙': 2, '止盈': 1, '动量加速': 6, '日月合璧': 1, '分道扬镳': 1}",2023-01-03,2026-08-12,864,
sh.600460,,68404.61,-31.6,-0.918,61.82,-37.97,122,51,71,41.8,123,122,7.5,40.8,-13.74,"{'黑客点击': 10, '节外生枝': 22, '见好就收': 111, '过河拆桥': 4, '一箭穿心': 9, '一阴破三线': 7, '马失前蹄': 12, '独上高楼': 3, '落井下石': 32, '一剑封喉': 6, '止损': 6, '浪子回头': 2, '金屋藏娇': 2, '动量加速': 12, '双蹄并进': 4, '止盈': 1, '红衣侠女': 1, '红杏出墙': 1}",2023-01-03,2026-08-12,874,
sh.600482,,80841.06,-19.16,-0.406,49.01,-21.27,133,50,83,37.6,136,134,6.7,24.0,-11.72,"{'见好就收': 115, '过河拆桥': 9, '独上高楼': 6, '黑客点击': 15, '一箭穿心': 8, '节外生枝': 25, '止盈': 3, '马失前蹄': 11, '动量加速': 23, '止损': 5, '一阴破三线': 12, '落井下石': 23, '分道扬镳': 1, '三军集结': 2, '一剑封喉': 4, '金屋藏娇': 2, '日月合璧': 2, '浪子回头': 1, '双蹄并进': 1, '梅开二度': 1, '红杏出墙': 1}",2023-01-03,2026-08-12,864,
sh.600489,,107914.66,7.91,-0.062,40.95,7.62,123,54,69,43.9,125,123,6.8,21.61,-14.26,"{'动量加速': 33, '见好就收': 110, '一剑封喉': 9, '金屋藏娇': 1, '一箭穿心': 6, '过河拆桥': 9, '三军集结': 1, '落井下石': 21, '节外生枝': 22, '一阴破三线': 4, '黑客点击': 9, '马失前蹄': 8, '独上高楼': 3, '双蹄并进': 3, '止损': 4, '日月合璧': 2, '红杏出墙': 3}",2023-01-03,2026-08-12,874,
